segment_id,cities,devices,affinities
48040163,"[{""city"": ""Казань"", ""percent"": ""88,3 %""}, {""city"": ""Москва"", ""percent"": ""1,7 %""}, {""city"": ""Нижний Новгород"", ""percent"": ""1,58 %""}, {""city"": ""Самара"", ""percent"": ""1,54 %""}, {""city"": ""Уфа"", ""percent"": ""1,22 %""}, {""city"": ""Смоленск"", ""percent"": ""0,63 %""}, {""city"": ""Санкт-Петербург"", ""percent"": ""0,36 %""}, {""city"": ""Амстердам"", ""percent"": ""0,28 %""}, {""city"": ""Набережные Челны"", ""percent"": ""0,28 %""}, {""city"": ""Чебоксары"", ""percent"": ""0,24 %""}]","[{""device"": ""Смартфоны"", ""percent"": ""47,9 %""}, {""device"": ""Кросс-девайс"", ""percent"": ""47,7 %""}, {""device"": ""ПК"", ""percent"": ""4,11 %""}, {""device"": ""Планшеты"", ""percent"": ""0,28 %""}]","[{""label"": ""IT"", ""affinity"": ""140 %""}, {""label"": ""Туризм"", ""affinity"": ""139 %""}, {""label"": ""Финансы"", ""affinity"": ""132 %""}, {""label"": ""Семья и дети"", ""affinity"": ""130 %""}, {""label"": ""Красота и здоровье"", ""affinity"": ""127 %""}, {""label"": ""Спорт"", ""affinity"": ""123 %""}, {""label"": ""Недвижимость"", ""affinity"": ""118 %""}, {""label"": ""Кулинария"", ""affinity"": ""111 %""}, {""label"": ""Домашние животные"", ""affinity"": ""110 %""}, {""label"": ""Авто"", ""affinity"": ""108 %""}, {""label"": ""Занимаются спортом"", ""affinity"": ""187 %""}, {""label"": ""Путешествуют по миру"", ""affinity"": ""142 %""}, {""label"": ""Следят за модой"", ""affinity"": ""133 %""}, {""label"": ""Студенты"", ""affinity"": ""132 %""}, {""label"": ""Путешествуют по стране"", ""affinity"": ""126 %""}, {""label"": ""Автомобилисты"", ""affinity"": ""121 %""}, {""label"": ""Есть дети"", ""affinity"": ""119 %""}, {""label"": ""Геймеры"", ""affinity"": ""108 %""}, {""label"": ""Домохозяйки"", ""affinity"": ""100 %""}, {""label"": ""Покупают в интернете"", ""affinity"": ""100 %""}]"
48017754,"[{""city"": ""Казань"", ""percent"": ""83 %""}, {""city"": ""Самара"", ""percent"": ""2,4 %""}, {""city"": ""Москва"", ""percent"": ""2,18 %""}, {""city"": ""Уфа"", ""percent"": ""1,92 %""}, {""city"": ""Нижний Новгород"", ""percent"": ""1,81 %""}, {""city"": ""Оренбург"", ""percent"": ""0,78 %""}, {""city"": ""Набережные Челны"", ""percent"": ""0,67 %""}, {""city"": ""Санкт-Петербург"", ""percent"": ""0,55 %""}, {""city"": ""Амстердам"", ""percent"": ""0,48 %""}, {""city"": ""Екатеринбург"", ""percent"": ""0,44 %""}]","[{""device"": ""Кросс-девайс"", ""percent"": ""58 %""}, {""device"": ""Смартфоны"", ""percent"": ""38,5 %""}, {""device"": ""ПК"", ""percent"": ""3,4 %""}, {""device"": ""Планшеты"", ""percent"": ""0,15 %""}]","[{""label"": ""Туризм"", ""affinity"": ""152 %""}, {""label"": ""Спорт"", ""affinity"": ""152 %""}, {""label"": ""IT"", ""affinity"": ""151 %""}, {""label"": ""Финансы"", ""affinity"": ""133 %""}, {""label"": ""Недвижимость"", ""affinity"": ""129 %""}, {""label"": ""Красота и здоровье"", ""affinity"": ""127 %""}, {""label"": ""Семья и дети"", ""affinity"": ""126 %""}, {""label"": ""Авто"", ""affinity"": ""113 %""}, {""label"": ""Кулинария"", ""affinity"": ""107 %""}, {""label"": ""Домашние животные"", ""affinity"": ""105 %""}, {""label"": ""Путешествуют по миру"", ""affinity"": ""177 %""}, {""label"": ""Студенты"", ""affinity"": ""145 %""}, {""label"": ""Занимаются спортом"", ""affinity"": ""141 %""}, {""label"": ""Автомобилисты"", ""affinity"": ""136 %""}, {""label"": ""Следят за модой"", ""affinity"": ""134 %""}, {""label"": ""Путешествуют по стране"", ""affinity"": ""130 %""}, {""label"": ""Есть дети"", ""affinity"": ""108 %""}, {""label"": ""Домохозяйки"", ""affinity"": ""100 %""}, {""label"": ""Покупают в интернете"", ""affinity"": ""100 %""}, {""label"": ""Геймеры"", ""affinity"": ""83 %""}]"
48017753,"[{""city"": ""Казань"", ""percent"": ""43,9 %""}, {""city"": ""Москва"", ""percent"": ""10,8 %""}, {""city"": ""Санкт-Петербург"", ""percent"": ""3,76 %""}, {""city"": ""Самара"", ""percent"": ""2,72 %""}, {""city"": ""Екатеринбург"", ""percent"": ""2,41 %""}, {""city"": ""Нижний Новгород"", ""percent"": ""2,38 %""}, {""city"": ""Уфа"", ""percent"": ""1,92 %""}, {""city"": ""Ижевск"", ""percent"": ""1,11 %""}, {""city"": ""Омск"", ""percent"": ""1,07 %""}, {""city"": ""Саратов"", ""percent"": ""0,96 %""}]","[{""device"": ""Кросс-девайс"", ""percent"": ""58,6 %""}, {""device"": ""Смартфоны"", ""percent"": ""37,7 %""}, {""device"": ""ПК"", ""percent"": ""3,41 %""}, {""device"": ""Планшеты"", ""percent"": ""0,31 %""}]","[{""label"": ""Туризм"", ""affinity"": ""145 %""}, {""label"": ""Спорт"", ""affinity"": ""141 %""}, {""label"": ""Недвижимость"", ""affinity"": ""124 %""}, {""label"": ""Красота и здоровье"", ""affinity"": ""122 %""}, {""label"": ""Семья и дети"", ""affinity"": ""121 %""}, {""label"": ""Финансы"", ""affinity"": ""116 %""}, {""label"": ""Кулинария"", ""affinity"": ""114 %""}, {""label"": ""IT"", ""affinity"": ""114 %""}, {""label"": ""Авто"", ""affinity"": ""106 %""}, {""label"": ""Домашние животные"", ""affinity"": ""100 %""}, {""label"": ""Следят за модой"", ""affinity"": ""166 %""}, {""label"": ""Путешествуют по миру"", ""affinity"": ""146 %""}, {""label"": ""Путешествуют по стране"", ""affinity"": ""133 %""}, {""label"": ""Автомобилисты"", ""affinity"": ""124 %""}, {""label"": ""Занимаются спортом"", ""affinity"": ""124 %""}, {""label"": ""Студенты"", ""affinity"": ""121 %""}, {""label"": ""Есть дети"", ""affinity"": ""106 %""}, {""label"": ""Домохозяйки"", ""affinity"": ""100 %""}, {""label"": ""Покупают в интернете"", ""affinity"": ""100 %""}, {""label"": ""Геймеры"", ""affinity"": ""84 %""}]"
48017752,"[{""city"": ""Казань"", ""percent"": ""80,1 %""}, {""city"": ""Москва"", ""percent"": ""2,35 %""}, {""city"": ""Самара"", ""percent"": ""2,24 %""}, {""city"": ""Нижний Новгород"", ""percent"": ""2,22 %""}, {""city"": ""Уфа"", ""percent"": ""1,83 %""}, {""city"": ""Амстердам"", ""percent"": ""0,91 %""}, {""city"": ""Санкт-Петербург"", ""percent"": ""0,74 %""}, {""city"": ""Набережные Челны"", ""percent"": ""0,5 %""}, {""city"": ""Воронеж"", ""percent"": ""0,47 %""}, {""city"": ""Чебоксары"", ""percent"": ""0,28 %""}]","[{""device"": ""Кросс-девайс"", ""percent"": ""63 %""}, {""device"": ""Смартфоны"", ""percent"": ""34,7 %""}, {""device"": ""ПК"", ""percent"": ""2,18 %""}, {""device"": ""Планшеты"", ""percent"": ""0,1 %""}]","[{""label"": ""IT"", ""affinity"": ""190 %""}, {""label"": ""Туризм"", ""affinity"": ""161 %""}, {""label"": ""Красота и здоровье"", ""affinity"": ""148 %""}, {""label"": ""Спорт"", ""affinity"": ""145 %""}, {""label"": ""Финансы"", ""affinity"": ""135 %""}, {""label"": ""Семья и дети"", ""affinity"": ""124 %""}, {""label"": ""Недвижимость"", ""affinity"": ""117 %""}, {""label"": ""Кулинария"", ""affinity"": ""110 %""}, {""label"": ""Домашние животные"", ""affinity"": ""101 %""}, {""label"": ""Авто"", ""affinity"": ""85 %""}, {""label"": ""Студенты"", ""affinity"": ""466 %""}, {""label"": ""Путешествуют по миру"", ""affinity"": ""173 %""}, {""label"": ""Путешествуют по стране"", ""affinity"": ""147 %""}, {""label"": ""Занимаются спортом"", ""affinity"": ""130 %""}, {""label"": ""Следят за модой"", ""affinity"": ""124 %""}, {""label"": ""Автомобилисты"", ""affinity"": ""103 %""}, {""label"": ""Домохозяйки"", ""affinity"": ""100 %""}, {""label"": ""Покупают в интернете"", ""affinity"": ""100 %""}, {""label"": ""Есть дети"", ""affinity"": ""95 %""}, {""label"": ""Геймеры"", ""affinity"": ""83 %""}]"
48017751,"[{""city"": ""Казань"", ""percent"": ""82,2 %""}, {""city"": ""Самара"", ""percent"": ""2,45 %""}, {""city"": ""Уфа"", ""percent"": ""2,14 %""}, {""city"": ""Набережные Челны"", ""percent"": ""1,95 %""}, {""city"": ""Нижний Новгород"", ""percent"": ""1,79 %""}, {""city"": ""Москва"", ""percent"": ""1,36 %""}, {""city"": ""Амстердам"", ""percent"": ""0,96 %""}, {""city"": ""Йошкар-Ола"", ""percent"": ""0,4 %""}, {""city"": ""Альметьевск"", ""percent"": ""0,37 %""}, {""city"": ""Чебоксары"", ""percent"": ""0,22 %""}]","[{""device"": ""Кросс-девайс"", ""percent"": ""73,3 %""}, {""device"": ""Смартфоны"", ""percent"": ""22,6 %""}, {""device"": ""ПК"", ""percent"": ""3,99 %""}, {""device"": ""Планшеты"", ""percent"": ""0,06 %""}]","[{""label"": ""IT"", ""affinity"": ""206 %""}, {""label"": ""Спорт"", ""affinity"": ""145 %""}, {""label"": ""Туризм"", ""affinity"": ""139 %""}, {""label"": ""Красота и здоровье"", ""affinity"": ""133 %""}, {""label"": ""Семья и дети"", ""affinity"": ""128 %""}, {""label"": ""Финансы"", ""affinity"": ""126 %""}, {""label"": ""Кулинария"", ""affinity"": ""113 %""}, {""label"": ""Недвижимость"", ""affinity"": ""112 %""}, {""label"": ""Авто"", ""affinity"": ""86 %""}, {""label"": ""Домашние животные"", ""affinity"": ""84 %""}, {""label"": ""Студенты"", ""affinity"": ""413 %""}, {""label"": ""Путешествуют по миру"", ""affinity"": ""131 %""}, {""label"": ""Занимаются спортом"", ""affinity"": ""126 %""}, {""label"": ""Путешествуют по стране"", ""affinity"": ""119 %""}, {""label"": ""Следят за модой"", ""affinity"": ""115 %""}, {""label"": ""Домохозяйки"", ""affinity"": ""100 %""}, {""label"": ""Покупают в интернете"", ""affinity"": ""100 %""}, {""label"": ""Автомобилисты"", ""affinity"": ""99 %""}, {""label"": ""Есть дети"", ""affinity"": ""99 %""}, {""label"": ""Геймеры"", ""affinity"": ""89 %""}]"
48017750,"[{""city"": ""Казань"", ""percent"": ""83,1 %""}, {""city"": ""Москва"", ""percent"": ""2,38 %""}, {""city"": ""Нижний Новгород"", ""percent"": ""1,7 %""}, {""city"": ""Самара"", ""percent"": ""1,66 %""}, {""city"": ""Уфа"", ""percent"": ""1,57 %""}, {""city"": ""Екатеринбург"", ""percent"": ""0,9 %""}, {""city"": ""Амстердам"", ""percent"": ""0,85 %""}, {""city"": ""Набережные Челны"", ""percent"": ""0,63 %""}, {""city"": ""Саратов"", ""percent"": ""0,45 %""}, {""city"": ""Санкт-Петербург"", ""percent"": ""0,4 %""}]","[{""device"": ""Кросс-девайс"", ""percent"": ""65 %""}, {""device"": ""Смартфоны"", ""percent"": ""29,8 %""}, {""device"": ""ПК"", ""percent"": ""5,07 %""}, {""device"": ""Планшеты"", ""percent"": ""0,13 %""}]","[{""label"": ""IT"", ""affinity"": ""149 %""}, {""label"": ""Туризм"", ""affinity"": ""140 %""}, {""label"": ""Спорт"", ""affinity"": ""138 %""}, {""label"": ""Семья и дети"", ""affinity"": ""121 %""}, {""label"": ""Недвижимость"", ""affinity"": ""121 %""}, {""label"": ""Финансы"", ""affinity"": ""119 %""}, {""label"": ""Красота и здоровье"", ""affinity"": ""110 %""}, {""label"": ""Кулинария"", ""affinity"": ""108 %""}, {""label"": ""Авто"", ""affinity"": ""100 %""}, {""label"": ""Домашние животные"", ""affinity"": ""95 %""}, {""label"": ""Студенты"", ""affinity"": ""313 %""}, {""label"": ""Путешествуют по миру"", ""affinity"": ""146 %""}, {""label"": ""Автомобилисты"", ""affinity"": ""141 %""}, {""label"": ""Путешествуют по стране"", ""affinity"": ""124 %""}, {""label"": ""Следят за модой"", ""affinity"": ""115 %""}, {""label"": ""Занимаются спортом"", ""affinity"": ""112 %""}, {""label"": ""Есть дети"", ""affinity"": ""101 %""}, {""label"": ""Домохозяйки"", ""affinity"": ""100 %""}, {""label"": ""Покупают в интернете"", ""affinity"": ""100 %""}, {""label"": ""Геймеры"", ""affinity"": ""83 %""}]"
48017749,"[{""city"": ""Казань"", ""percent"": ""75,9 %""}, {""city"": ""Москва"", ""percent"": ""5,35 %""}, {""city"": ""Уфа"", ""percent"": ""2,19 %""}, {""city"": ""Нижний Новгород"", ""percent"": ""1,75 %""}, {""city"": ""Самара"", ""percent"": ""1,42 %""}, {""city"": ""Набережные Челны"", ""percent"": ""1,09 %""}, {""city"": ""Астана"", ""percent"": ""0,98 %""}, {""city"": ""Санкт-Петербург"", ""percent"": ""0,88 %""}, {""city"": ""Йошкар-Ола"", ""percent"": ""0,88 %""}, {""city"": ""Ульяновск"", ""percent"": ""0,77 %""}]","[{""device"": ""Кросс-девайс"", ""percent"": ""54,5 %""}, {""device"": ""Смартфоны"", ""percent"": ""41,5 %""}, {""device"": ""ПК"", ""percent"": ""4,04 %""}]","[{""label"": ""IT"", ""affinity"": ""126 %""}, {""label"": ""Туризм"", ""affinity"": ""123 %""}, {""label"": ""Спорт"", ""affinity"": ""122 %""}, {""label"": ""Финансы"", ""affinity"": ""117 %""}, {""label"": ""Семья и дети"", ""affinity"": ""111 %""}, {""label"": ""Красота и здоровье"", ""affinity"": ""110 %""}, {""label"": ""Недвижимость"", ""affinity"": ""104 %""}, {""label"": ""Авто"", ""affinity"": ""103 %""}, {""label"": ""Домашние животные"", ""affinity"": ""101 %""}, {""label"": ""Кулинария"", ""affinity"": ""100 %""}, {""label"": ""Путешествуют по миру"", ""affinity"": ""146 %""}, {""label"": ""Следят за модой"", ""affinity"": ""146 %""}, {""label"": ""Студенты"", ""affinity"": ""136 %""}, {""label"": ""Занимаются спортом"", ""affinity"": ""124 %""}, {""label"": ""Путешествуют по стране"", ""affinity"": ""115 %""}, {""label"": ""Автомобилисты"", ""affinity"": ""112 %""}, {""label"": ""Есть дети"", ""affinity"": ""105 %""}, {""label"": ""Домохозяйки"", ""affinity"": ""100 %""}, {""label"": ""Покупают в интернете"", ""affinity"": ""100 %""}, {""label"": ""Геймеры"", ""affinity"": ""93 %""}]"
48017748,"[{""city"": ""Казань"", ""percent"": ""62,6 %""}, {""city"": ""Москва"", ""percent"": ""4,45 %""}, {""city"": ""Уфа"", ""percent"": ""3,07 %""}, {""city"": ""Самара"", ""percent"": ""2,87 %""}, {""city"": ""Нижний Новгород"", ""percent"": ""2,52 %""}, {""city"": ""Амстердам"", ""percent"": ""1,68 %""}, {""city"": ""Екатеринбург"", ""percent"": ""1,24 %""}, {""city"": ""Набережные Челны"", ""percent"": ""1,19 %""}, {""city"": ""Красноярск"", ""percent"": ""0,99 %""}, {""city"": ""Чебоксары"", ""percent"": ""0,89 %""}]","[{""device"": ""Кросс-девайс"", ""percent"": ""62,6 %""}, {""device"": ""Смартфоны"", ""percent"": ""32,6 %""}, {""device"": ""ПК"", ""percent"": ""4,24 %""}, {""device"": ""Планшеты"", ""percent"": ""0,49 %""}]","[{""label"": ""IT"", ""affinity"": ""149 %""}, {""label"": ""Туризм"", ""affinity"": ""125 %""}, {""label"": ""Спорт"", ""affinity"": ""123 %""}, {""label"": ""Финансы"", ""affinity"": ""116 %""}, {""label"": ""Красота и здоровье"", ""affinity"": ""114 %""}, {""label"": ""Семья и дети"", ""affinity"": ""111 %""}, {""label"": ""Недвижимость"", ""affinity"": ""106 %""}, {""label"": ""Кулинария"", ""affinity"": ""104 %""}, {""label"": ""Домашние животные"", ""affinity"": ""102 %""}, {""label"": ""Авто"", ""affinity"": ""94 %""}, {""label"": ""Студенты"", ""affinity"": ""272 %""}, {""label"": ""Путешествуют по миру"", ""affinity"": ""135 %""}, {""label"": ""Путешествуют по стране"", ""affinity"": ""120 %""}, {""label"": ""Автомобилисты"", ""affinity"": ""108 %""}, {""label"": ""Занимаются спортом"", ""affinity"": ""101 %""}, {""label"": ""Домохозяйки"", ""affinity"": ""100 %""}, {""label"": ""Покупают в интернете"", ""affinity"": ""100 %""}, {""label"": ""Есть дети"", ""affinity"": ""98 %""}, {""label"": ""Следят за модой"", ""affinity"": ""92 %""}, {""label"": ""Геймеры"", ""affinity"": ""91 %""}]"
48017747,"[{""city"": ""Казань"", ""percent"": ""60,4 %""}, {""city"": ""Москва"", ""percent"": ""10,2 %""}, {""city"": ""Санкт-Петербург"", ""percent"": ""3,19 %""}, {""city"": ""Уфа"", ""percent"": ""2,39 %""}, {""city"": ""Самара"", ""percent"": ""1,96 %""}, {""city"": ""Екатеринбург"", ""percent"": ""1,57 %""}, {""city"": ""Нижний Новгород"", ""percent"": ""1,55 %""}, {""city"": ""Набережные Челны"", ""percent"": ""0,98 %""}, {""city"": ""Амстердам"", ""percent"": ""0,65 %""}, {""city"": ""Краснодар"", ""percent"": ""0,53 %""}]","[{""device"": ""Кросс-девайс"", ""percent"": ""64,8 %""}, {""device"": ""Смартфоны"", ""percent"": ""32 %""}, {""device"": ""ПК"", ""percent"": ""3 %""}, {""device"": ""Планшеты"", ""percent"": ""0,18 %""}]","[{""label"": ""Туризм"", ""affinity"": ""161 %""}, {""label"": ""IT"", ""affinity"": ""160 %""}, {""label"": ""Спорт"", ""affinity"": ""141 %""}, {""label"": ""Красота и здоровье"", ""affinity"": ""134 %""}, {""label"": ""Финансы"", ""affinity"": ""133 %""}, {""label"": ""Недвижимость"", ""affinity"": ""125 %""}, {""label"": ""Семья и дети"", ""affinity"": ""124 %""}, {""label"": ""Кулинария"", ""affinity"": ""110 %""}, {""label"": ""Авто"", ""affinity"": ""105 %""}, {""label"": ""Домашние животные"", ""affinity"": ""95 %""}, {""label"": ""Студенты"", ""affinity"": ""273 %""}, {""label"": ""Путешествуют по миру"", ""affinity"": ""165 %""}, {""label"": ""Путешествуют по стране"", ""affinity"": ""139 %""}, {""label"": ""Занимаются спортом"", ""affinity"": ""136 %""}, {""label"": ""Следят за модой"", ""affinity"": ""133 %""}, {""label"": ""Автомобилисты"", ""affinity"": ""118 %""}, {""label"": ""Есть дети"", ""affinity"": ""108 %""}, {""label"": ""Домохозяйки"", ""affinity"": ""100 %""}, {""label"": ""Покупают в интернете"", ""affinity"": ""100 %""}, {""label"": ""Геймеры"", ""affinity"": ""85 %""}]"
48017746,"[{""city"": ""Казань"", ""percent"": ""82,8 %""}, {""city"": ""Самара"", ""percent"": ""2,24 %""}, {""city"": ""Уфа"", ""percent"": ""2,24 %""}, {""city"": ""Нижний Новгород"", ""percent"": ""2,08 %""}, {""city"": ""Москва"", ""percent"": ""1,33 %""}, {""city"": ""Набережные Челны"", ""percent"": ""0,89 %""}, {""city"": ""Амстердам"", ""percent"": ""0,8 %""}, {""city"": ""Чебоксары"", ""percent"": ""0,43 %""}, {""city"": ""Альметьевск"", ""percent"": ""0,33 %""}, {""city"": ""Ижевск"", ""percent"": ""0,3 %""}]","[{""device"": ""Кросс-девайс"", ""percent"": ""71 %""}, {""device"": ""Смартфоны"", ""percent"": ""26 %""}, {""device"": ""ПК"", ""percent"": ""2,89 %""}, {""device"": ""Планшеты"", ""percent"": ""0,1 %""}]","[{""label"": ""IT"", ""affinity"": ""224 %""}, {""label"": ""Туризм"", ""affinity"": ""156 %""}, {""label"": ""Спорт"", ""affinity"": ""141 %""}, {""label"": ""Красота и здоровье"", ""affinity"": ""140 %""}, {""label"": ""Финансы"", ""affinity"": ""127 %""}, {""label"": ""Семья и дети"", ""affinity"": ""123 %""}, {""label"": ""Кулинария"", ""affinity"": ""114 %""}, {""label"": ""Недвижимость"", ""affinity"": ""106 %""}, {""label"": ""Авто"", ""affinity"": ""86 %""}, {""label"": ""Домашние животные"", ""affinity"": ""81 %""}, {""label"": ""Студенты"", ""affinity"": ""694 %""}, {""label"": ""Путешествуют по миру"", ""affinity"": ""153 %""}, {""label"": ""Путешествуют по стране"", ""affinity"": ""146 %""}, {""label"": ""Занимаются спортом"", ""affinity"": ""136 %""}, {""label"": ""Следят за модой"", ""affinity"": ""111 %""}, {""label"": ""Автомобилисты"", ""affinity"": ""106 %""}, {""label"": ""Домохозяйки"", ""affinity"": ""100 %""}, {""label"": ""Покупают в интернете"", ""affinity"": ""100 %""}, {""label"": ""Есть дети"", ""affinity"": ""100 %""}, {""label"": ""Геймеры"", ""affinity"": ""80 %""}]"
48017745,"[{""city"": ""Казань"", ""percent"": ""81,7 %""}, {""city"": ""Уфа"", ""percent"": ""2,26 %""}, {""city"": ""Нижний Новгород"", ""percent"": ""2,13 %""}, {""city"": ""Самара"", ""percent"": ""2,1 %""}, {""city"": ""Москва"", ""percent"": ""1,32 %""}, {""city"": ""Амстердам"", ""percent"": ""1 %""}, {""city"": ""Набережные Челны"", ""percent"": ""0,92 %""}, {""city"": ""Санкт-Петербург"", ""percent"": ""0,67 %""}, {""city"": ""Ижевск"", ""percent"": ""0,59 %""}, {""city"": ""Чебоксары"", ""percent"": ""0,4 %""}]","[{""device"": ""Кросс-девайс"", ""percent"": ""73,8 %""}, {""device"": ""Смартфоны"", ""percent"": ""18,6 %""}, {""device"": ""ПК"", ""percent"": ""7,61 %""}, {""device"": ""Планшеты"", ""percent"": ""0,05 %""}]","[{""label"": ""IT"", ""affinity"": ""181 %""}, {""label"": ""Туризм"", ""affinity"": ""145 %""}, {""label"": ""Спорт"", ""affinity"": ""137 %""}, {""label"": ""Красота и здоровье"", ""affinity"": ""136 %""}, {""label"": ""Семья и дети"", ""affinity"": ""126 %""}, {""label"": ""Финансы"", ""affinity"": ""122 %""}, {""label"": ""Недвижимость"", ""affinity"": ""116 %""}, {""label"": ""Кулинария"", ""affinity"": ""110 %""}, {""label"": ""Домашние животные"", ""affinity"": ""98 %""}, {""label"": ""Авто"", ""affinity"": ""94 %""}, {""label"": ""Студенты"", ""affinity"": ""764 %""}, {""label"": ""Путешествуют по миру"", ""affinity"": ""140 %""}, {""label"": ""Занимаются спортом"", ""affinity"": ""135 %""}, {""label"": ""Путешествуют по стране"", ""affinity"": ""125 %""}, {""label"": ""Следят за модой"", ""affinity"": ""105 %""}, {""label"": ""Домохозяйки"", ""affinity"": ""100 %""}, {""label"": ""Покупают в интернете"", ""affinity"": ""100 %""}, {""label"": ""Есть дети"", ""affinity"": ""99 %""}, {""label"": ""Автомобилисты"", ""affinity"": ""93 %""}, {""label"": ""Геймеры"", ""affinity"": ""87 %""}]"
48017741,"[{""city"": ""Казань"", ""percent"": ""81,7 %""}, {""city"": ""Уфа"", ""percent"": ""2,26 %""}, {""city"": ""Нижний Новгород"", ""percent"": ""2,13 %""}, {""city"": ""Самара"", ""percent"": ""2,1 %""}, {""city"": ""Москва"", ""percent"": ""1,32 %""}, {""city"": ""Амстердам"", ""percent"": ""1 %""}, {""city"": ""Набережные Челны"", ""percent"": ""0,92 %""}, {""city"": ""Санкт-Петербург"", ""percent"": ""0,67 %""}, {""city"": ""Ижевск"", ""percent"": ""0,59 %""}, {""city"": ""Чебоксары"", ""percent"": ""0,4 %""}]","[{""device"": ""Кросс-девайс"", ""percent"": ""73,8 %""}, {""device"": ""Смартфоны"", ""percent"": ""18,6 %""}, {""device"": ""ПК"", ""percent"": ""7,61 %""}, {""device"": ""Планшеты"", ""percent"": ""0,05 %""}]","[{""label"": ""IT"", ""affinity"": ""181 %""}, {""label"": ""Туризм"", ""affinity"": ""145 %""}, {""label"": ""Спорт"", ""affinity"": ""137 %""}, {""label"": ""Красота и здоровье"", ""affinity"": ""136 %""}, {""label"": ""Семья и дети"", ""affinity"": ""126 %""}, {""label"": ""Финансы"", ""affinity"": ""122 %""}, {""label"": ""Недвижимость"", ""affinity"": ""116 %""}, {""label"": ""Кулинария"", ""affinity"": ""110 %""}, {""label"": ""Домашние животные"", ""affinity"": ""98 %""}, {""label"": ""Авто"", ""affinity"": ""94 %""}, {""label"": ""Студенты"", ""affinity"": ""764 %""}, {""label"": ""Путешествуют по миру"", ""affinity"": ""140 %""}, {""label"": ""Занимаются спортом"", ""affinity"": ""135 %""}, {""label"": ""Путешествуют по стране"", ""affinity"": ""125 %""}, {""label"": ""Следят за модой"", ""affinity"": ""105 %""}, {""label"": ""Домохозяйки"", ""affinity"": ""100 %""}, {""label"": ""Покупают в интернете"", ""affinity"": ""100 %""}, {""label"": ""Есть дети"", ""affinity"": ""99 %""}, {""label"": ""Автомобилисты"", ""affinity"": ""93 %""}, {""label"": ""Геймеры"", ""affinity"": ""87 %""}]"
48004577,"[{""city"": ""Казань"", ""percent"": ""85,3 %""}, {""city"": ""Нижний Новгород"", ""percent"": ""1,75 %""}, {""city"": ""Москва"", ""percent"": ""1,49 %""}, {""city"": ""Уфа"", ""percent"": ""1,49 %""}, {""city"": ""Калуга"", ""percent"": ""1,24 %""}, {""city"": ""Ульяновск"", ""percent"": ""0,99 %""}, {""city"": ""Амстердам"", ""percent"": ""0,74 %""}, {""city"": ""Якутск"", ""percent"": ""0,74 %""}, {""city"": ""Осло"", ""percent"": ""0,74 %""}, {""city"": ""Санкт-Петербург"", ""percent"": ""0,74 %""}]","[{""device"": ""Смартфоны"", ""percent"": ""55,1 %""}, {""device"": ""Кросс-девайс"", ""percent"": ""41,4 %""}, {""device"": ""ПК"", ""percent"": ""2,5 %""}, {""device"": ""Планшеты"", ""percent"": ""0,99 %""}]","[{""label"": ""IT"", ""affinity"": ""120 %""}, {""label"": ""Авто"", ""affinity"": ""110 %""}, {""label"": ""Туризм"", ""affinity"": ""109 %""}, {""label"": ""Финансы"", ""affinity"": ""107 %""}, {""label"": ""Спорт"", ""affinity"": ""107 %""}, {""label"": ""Красота и здоровье"", ""affinity"": ""105 %""}, {""label"": ""Семья и дети"", ""affinity"": ""103 %""}, {""label"": ""Недвижимость"", ""affinity"": ""101 %""}, {""label"": ""Кулинария"", ""affinity"": ""98 %""}, {""label"": ""Домашние животные"", ""affinity"": ""89 %""}, {""label"": ""Занимаются спортом"", ""affinity"": ""135 %""}, {""label"": ""Студенты"", ""affinity"": ""121 %""}, {""label"": ""Путешествуют по миру"", ""affinity"": ""117 %""}, {""label"": ""Автомобилисты"", ""affinity"": ""115 %""}, {""label"": ""Следят за модой"", ""affinity"": ""111 %""}, {""label"": ""Путешествуют по стране"", ""affinity"": ""106 %""}, {""label"": ""Домохозяйки"", ""affinity"": ""100 %""}, {""label"": ""Покупают в интернете"", ""affinity"": ""100 %""}, {""label"": ""Есть дети"", ""affinity"": ""100 %""}, {""label"": ""Геймеры"", ""affinity"": ""97 %""}]"
48004507,"[{""city"": ""Казань"", ""percent"": ""68,5 %""}, {""city"": ""Москва"", ""percent"": ""6,2 %""}, {""city"": ""Самара"", ""percent"": ""2,05 %""}, {""city"": ""Уфа"", ""percent"": ""1,97 %""}, {""city"": ""Нижний Новгород"", ""percent"": ""1,92 %""}, {""city"": ""Санкт-Петербург"", ""percent"": ""1,77 %""}, {""city"": ""Набережные Челны"", ""percent"": ""1,08 %""}, {""city"": ""Екатеринбург"", ""percent"": ""0,96 %""}, {""city"": ""Амстердам"", ""percent"": ""0,66 %""}, {""city"": ""Ижевск"", ""percent"": ""0,53 %""}]","[{""device"": ""Кросс-девайс"", ""percent"": ""59,7 %""}, {""device"": ""Смартфоны"", ""percent"": ""36,5 %""}, {""device"": ""ПК"", ""percent"": ""3,63 %""}, {""device"": ""Планшеты"", ""percent"": ""0,17 %""}]","[{""label"": ""IT"", ""affinity"": ""174 %""}, {""label"": ""Туризм"", ""affinity"": ""165 %""}, {""label"": ""Финансы"", ""affinity"": ""144 %""}, {""label"": ""Красота и здоровье"", ""affinity"": ""141 %""}, {""label"": ""Семья и дети"", ""affinity"": ""136 %""}, {""label"": ""Недвижимость"", ""affinity"": ""122 %""}, {""label"": ""Спорт"", ""affinity"": ""122 %""}, {""label"": ""Домашние животные"", ""affinity"": ""110 %""}, {""label"": ""Авто"", ""affinity"": ""108 %""}, {""label"": ""Кулинария"", ""affinity"": ""107 %""}, {""label"": ""Студенты"", ""affinity"": ""334 %""}, {""label"": ""Путешествуют по миру"", ""affinity"": ""231 %""}, {""label"": ""Следят за модой"", ""affinity"": ""189 %""}, {""label"": ""Занимаются спортом"", ""affinity"": ""170 %""}, {""label"": ""Путешествуют по стране"", ""affinity"": ""164 %""}, {""label"": ""Автомобилисты"", ""affinity"": ""157 %""}, {""label"": ""Есть дети"", ""affinity"": ""119 %""}, {""label"": ""Домохозяйки"", ""affinity"": ""100 %""}, {""label"": ""Покупают в интернете"", ""affinity"": ""100 %""}, {""label"": ""Геймеры"", ""affinity"": ""70 %""}]"
48004489,"[{""city"": ""Казань"", ""percent"": ""65,3 %""}, {""city"": ""Москва"", ""percent"": ""7,15 %""}, {""city"": ""Санкт-Петербург"", ""percent"": ""2,22 %""}, {""city"": ""Самара"", ""percent"": ""2,2 %""}, {""city"": ""Нижний Новгород"", ""percent"": ""1,89 %""}, {""city"": ""Уфа"", ""percent"": ""1,85 %""}, {""city"": ""Екатеринбург"", ""percent"": ""1,19 %""}, {""city"": ""Набережные Челны"", ""percent"": ""0,88 %""}, {""city"": ""Амстердам"", ""percent"": ""0,84 %""}, {""city"": ""Ижевск"", ""percent"": ""0,54 %""}]","[{""device"": ""Кросс-девайс"", ""percent"": ""64 %""}, {""device"": ""Смартфоны"", ""percent"": ""33 %""}, {""device"": ""ПК"", ""percent"": ""2,86 %""}, {""device"": ""Планшеты"", ""percent"": ""0,14 %""}]","[{""label"": ""IT"", ""affinity"": ""197 %""}, {""label"": ""Туризм"", ""affinity"": ""169 %""}, {""label"": ""Красота и здоровье"", ""affinity"": ""147 %""}, {""label"": ""Финансы"", ""affinity"": ""144 %""}, {""label"": ""Семья и дети"", ""affinity"": ""130 %""}, {""label"": ""Недвижимость"", ""affinity"": ""120 %""}, {""label"": ""Спорт"", ""affinity"": ""117 %""}, {""label"": ""Домашние животные"", ""affinity"": ""104 %""}, {""label"": ""Кулинария"", ""affinity"": ""104 %""}, {""label"": ""Авто"", ""affinity"": ""104 %""}, {""label"": ""Студенты"", ""affinity"": ""344 %""}, {""label"": ""Путешествуют по миру"", ""affinity"": ""211 %""}, {""label"": ""Занимаются спортом"", ""affinity"": ""178 %""}, {""label"": ""Путешествуют по стране"", ""affinity"": ""170 %""}, {""label"": ""Следят за модой"", ""affinity"": ""166 %""}, {""label"": ""Автомобилисты"", ""affinity"": ""129 %""}, {""label"": ""Есть дети"", ""affinity"": ""112 %""}, {""label"": ""Домохозяйки"", ""affinity"": ""100 %""}, {""label"": ""Покупают в интернете"", ""affinity"": ""100 %""}, {""label"": ""Геймеры"", ""affinity"": ""80 %""}]"
48004486,"[{""city"": ""Казань"", ""percent"": ""58,1 %""}, {""city"": ""Москва"", ""percent"": ""8,66 %""}, {""city"": ""Санкт-Петербург"", ""percent"": ""2,72 %""}, {""city"": ""Самара"", ""percent"": ""2,4 %""}, {""city"": ""Нижний Новгород"", ""percent"": ""2,25 %""}, {""city"": ""Уфа"", ""percent"": ""1,85 %""}, {""city"": ""Екатеринбург"", ""percent"": ""1,56 %""}, {""city"": ""Амстердам"", ""percent"": ""0,82 %""}, {""city"": ""Набережные Челны"", ""percent"": ""0,8 %""}, {""city"": ""Ижевск"", ""percent"": ""0,6 %""}]","[{""device"": ""Кросс-девайс"", ""percent"": ""59 %""}, {""device"": ""Смартфоны"", ""percent"": ""37,8 %""}, {""device"": ""ПК"", ""percent"": ""3,02 %""}, {""device"": ""Планшеты"", ""percent"": ""0,18 %""}]","[{""label"": ""IT"", ""affinity"": ""177 %""}, {""label"": ""Туризм"", ""affinity"": ""173 %""}, {""label"": ""Финансы"", ""affinity"": ""146 %""}, {""label"": ""Красота и здоровье"", ""affinity"": ""143 %""}, {""label"": ""Семья и дети"", ""affinity"": ""134 %""}, {""label"": ""Недвижимость"", ""affinity"": ""128 %""}, {""label"": ""Спорт"", ""affinity"": ""122 %""}, {""label"": ""Домашние животные"", ""affinity"": ""114 %""}, {""label"": ""Кулинария"", ""affinity"": ""111 %""}, {""label"": ""Авто"", ""affinity"": ""111 %""}, {""label"": ""Студенты"", ""affinity"": ""249 %""}, {""label"": ""Путешествуют по миру"", ""affinity"": ""230 %""}, {""label"": ""Следят за модой"", ""affinity"": ""184 %""}, {""label"": ""Занимаются спортом"", ""affinity"": ""184 %""}, {""label"": ""Путешествуют по стране"", ""affinity"": ""177 %""}, {""label"": ""Автомобилисты"", ""affinity"": ""151 %""}, {""label"": ""Есть дети"", ""affinity"": ""117 %""}, {""label"": ""Домохозяйки"", ""affinity"": ""100 %""}, {""label"": ""Покупают в интернете"", ""affinity"": ""100 %""}, {""label"": ""Геймеры"", ""affinity"": ""75 %""}]"
48004483,"[{""city"": ""Казань"", ""percent"": ""63,5 %""}, {""city"": ""Москва"", ""percent"": ""6,81 %""}, {""city"": ""Самара"", ""percent"": ""2,42 %""}, {""city"": ""Нижний Новгород"", ""percent"": ""2,19 %""}, {""city"": ""Санкт-Петербург"", ""percent"": ""2,15 %""}, {""city"": ""Уфа"", ""percent"": ""2,09 %""}, {""city"": ""Екатеринбург"", ""percent"": ""1,28 %""}, {""city"": ""Набережные Челны"", ""percent"": ""0,78 %""}, {""city"": ""Амстердам"", ""percent"": ""0,69 %""}, {""city"": ""Ижевск"", ""percent"": ""0,53 %""}]","[{""device"": ""Кросс-девайс"", ""percent"": ""56,5 %""}, {""device"": ""Смартфоны"", ""percent"": ""40,2 %""}, {""device"": ""ПК"", ""percent"": ""3,18 %""}, {""device"": ""Планшеты"", ""percent"": ""0,14 %""}]","[{""label"": ""IT"", ""affinity"": ""176 %""}, {""label"": ""Туризм"", ""affinity"": ""168 %""}, {""label"": ""Красота и здоровье"", ""affinity"": ""147 %""}, {""label"": ""Финансы"", ""affinity"": ""147 %""}, {""label"": ""Семья и дети"", ""affinity"": ""134 %""}, {""label"": ""Недвижимость"", ""affinity"": ""125 %""}, {""label"": ""Спорт"", ""affinity"": ""120 %""}, {""label"": ""Домашние животные"", ""affinity"": ""110 %""}, {""label"": ""Кулинария"", ""affinity"": ""110 %""}, {""label"": ""Авто"", ""affinity"": ""106 %""}, {""label"": ""Студенты"", ""affinity"": ""259 %""}, {""label"": ""Путешествуют по миру"", ""affinity"": ""224 %""}, {""label"": ""Занимаются спортом"", ""affinity"": ""177 %""}, {""label"": ""Следят за модой"", ""affinity"": ""173 %""}, {""label"": ""Путешествуют по стране"", ""affinity"": ""170 %""}, {""label"": ""Автомобилисты"", ""affinity"": ""142 %""}, {""label"": ""Есть дети"", ""affinity"": ""117 %""}, {""label"": ""Домохозяйки"", ""affinity"": ""100 %""}, {""label"": ""Покупают в интернете"", ""affinity"": ""100 %""}, {""label"": ""Геймеры"", ""affinity"": ""72 %""}]"
48002384,"[{""city"": ""Казань"", ""percent"": ""71 %""}, {""city"": ""Москва"", ""percent"": ""3,8 %""}, {""city"": ""Самара"", ""percent"": ""2,28 %""}, {""city"": ""Уфа"", ""percent"": ""2,04 %""}, {""city"": ""Нижний Новгород"", ""percent"": ""1,86 %""}, {""city"": ""Набережные Челны"", ""percent"": ""1,06 %""}, {""city"": ""Санкт-Петербург"", ""percent"": ""1 %""}, {""city"": ""Екатеринбург"", ""percent"": ""0,94 %""}, {""city"": ""Амстердам"", ""percent"": ""0,85 %""}, {""city"": ""Ижевск"", ""percent"": ""0,58 %""}]","[{""device"": ""Кросс-девайс"", ""percent"": ""57,4 %""}, {""device"": ""Смартфоны"", ""percent"": ""40 %""}, {""device"": ""ПК"", ""percent"": ""2,42 %""}, {""device"": ""Планшеты"", ""percent"": ""0,15 %""}]","[{""label"": ""IT"", ""affinity"": ""181 %""}, {""label"": ""Туризм"", ""affinity"": ""164 %""}, {""label"": ""Финансы"", ""affinity"": ""144 %""}, {""label"": ""Красота и здоровье"", ""affinity"": ""141 %""}, {""label"": ""Семья и дети"", ""affinity"": ""130 %""}, {""label"": ""Недвижимость"", ""affinity"": ""117 %""}, {""label"": ""Авто"", ""affinity"": ""114 %""}, {""label"": ""Спорт"", ""affinity"": ""114 %""}, {""label"": ""Домашние животные"", ""affinity"": ""108 %""}, {""label"": ""Кулинария"", ""affinity"": ""100 %""}, {""label"": ""Путешествуют по миру"", ""affinity"": ""236 %""}, {""label"": ""Студенты"", ""affinity"": ""199 %""}, {""label"": ""Занимаются спортом"", ""affinity"": ""192 %""}, {""label"": ""Путешествуют по стране"", ""affinity"": ""170 %""}, {""label"": ""Следят за модой"", ""affinity"": ""164 %""}, {""label"": ""Автомобилисты"", ""affinity"": ""160 %""}, {""label"": ""Есть дети"", ""affinity"": ""126 %""}, {""label"": ""Домохозяйки"", ""affinity"": ""100 %""}, {""label"": ""Покупают в интернете"", ""affinity"": ""100 %""}, {""label"": ""Геймеры"", ""affinity"": ""77 %""}]"
47831412,"[{""city"": ""Казань"", ""percent"": ""65,4 %""}, {""city"": ""Москва"", ""percent"": ""8,66 %""}, {""city"": ""Самара"", ""percent"": ""6,93 %""}, {""city"": ""Кириши"", ""percent"": ""3,46 %""}, {""city"": ""Кинель"", ""percent"": ""3,46 %""}, {""city"": ""Нижний Новгород"", ""percent"": ""3,46 %""}, {""city"": ""Уфа"", ""percent"": ""3,46 %""}, {""city"": ""Нижний Тагил"", ""percent"": ""1,73 %""}, {""city"": ""Иваново"", ""percent"": ""1,73 %""}, {""city"": ""Челябинск"", ""percent"": ""1,73 %""}]","[{""device"": ""Смартфоны"", ""percent"": ""53,4 %""}, {""device"": ""Кросс-девайс"", ""percent"": ""46,6 %""}]","[{""label"": ""IT"", ""affinity"": ""106 %""}, {""label"": ""Авто"", ""affinity"": ""105 %""}, {""label"": ""Домашние животные"", ""affinity"": ""102 %""}, {""label"": ""Семья и дети"", ""affinity"": ""102 %""}, {""label"": ""Туризм"", ""affinity"": ""102 %""}, {""label"": ""Финансы"", ""affinity"": ""102 %""}, {""label"": ""Недвижимость"", ""affinity"": ""101 %""}, {""label"": ""Красота и здоровье"", ""affinity"": ""100 %""}, {""label"": ""Спорт"", ""affinity"": ""100 %""}, {""label"": ""Кулинария"", ""affinity"": ""99 %""}, {""label"": ""Студенты"", ""affinity"": ""127 %""}, {""label"": ""Следят за модой"", ""affinity"": ""112 %""}, {""label"": ""Автомобилисты"", ""affinity"": ""104 %""}, {""label"": ""Путешествуют по миру"", ""affinity"": ""103 %""}, {""label"": ""Путешествуют по стране"", ""affinity"": ""103 %""}, {""label"": ""Есть дети"", ""affinity"": ""102 %""}, {""label"": ""Занимаются спортом"", ""affinity"": ""101 %""}, {""label"": ""Геймеры"", ""affinity"": ""101 %""}, {""label"": ""Домохозяйки"", ""affinity"": ""100 %""}, {""label"": ""Покупают в интернете"", ""affinity"": ""100 %""}]"
46722248,"[{""city"": ""Казань"", ""percent"": ""54 %""}, {""city"": ""Набережные Челны"", ""percent"": ""12,3 %""}, {""city"": ""Москва"", ""percent"": ""4,28 %""}, {""city"": ""Нижний Новгород"", ""percent"": ""2,96 %""}, {""city"": ""Самара"", ""percent"": ""2,91 %""}, {""city"": ""Уфа"", ""percent"": ""2,13 %""}, {""city"": ""Альметьевск"", ""percent"": ""1,3 %""}, {""city"": ""Санкт-Петербург"", ""percent"": ""1,17 %""}, {""city"": ""Екатеринбург"", ""percent"": ""1 %""}, {""city"": ""Елабуга"", ""percent"": ""0,94 %""}]","[{""device"": ""Смартфоны"", ""percent"": ""50,5 %""}, {""device"": ""Кросс-девайс"", ""percent"": ""44,6 %""}, {""device"": ""ПК"", ""percent"": ""4,51 %""}, {""device"": ""Планшеты"", ""percent"": ""0,4 %""}]","[{""label"": ""Туризм"", ""affinity"": ""147 %""}, {""label"": ""Финансы"", ""affinity"": ""142 %""}, {""label"": ""IT"", ""affinity"": ""141 %""}, {""label"": ""Семья и дети"", ""affinity"": ""133 %""}, {""label"": ""Красота и здоровье"", ""affinity"": ""128 %""}, {""label"": ""Недвижимость"", ""affinity"": ""125 %""}, {""label"": ""Авто"", ""affinity"": ""120 %""}, {""label"": ""Кулинария"", ""affinity"": ""117 %""}, {""label"": ""Спорт"", ""affinity"": ""116 %""}, {""label"": ""Домашние животные"", ""affinity"": ""109 %""}, {""label"": ""Путешествуют по миру"", ""affinity"": ""169 %""}, {""label"": ""Занимаются спортом"", ""affinity"": ""156 %""}, {""label"": ""Путешествуют по стране"", ""affinity"": ""153 %""}, {""label"": ""Автомобилисты"", ""affinity"": ""140 %""}, {""label"": ""Студенты"", ""affinity"": ""140 %""}, {""label"": ""Следят за модой"", ""affinity"": ""127 %""}, {""label"": ""Есть дети"", ""affinity"": ""124 %""}, {""label"": ""Домохозяйки"", ""affinity"": ""100 %""}, {""label"": ""Покупают в интернете"", ""affinity"": ""100 %""}, {""label"": ""Геймеры"", ""affinity"": ""81 %""}]"
46698556,"[{""city"": ""Казань"", ""percent"": ""56,1 %""}, {""city"": ""Набережные Челны"", ""percent"": ""10,3 %""}, {""city"": ""Москва"", ""percent"": ""4,05 %""}, {""city"": ""Нижний Новгород"", ""percent"": ""3,36 %""}, {""city"": ""Самара"", ""percent"": ""2,89 %""}, {""city"": ""Уфа"", ""percent"": ""2,35 %""}, {""city"": ""Альметьевск"", ""percent"": ""1,2 %""}, {""city"": ""Санкт-Петербург"", ""percent"": ""1,17 %""}, {""city"": ""Елабуга"", ""percent"": ""1,01 %""}, {""city"": ""Екатеринбург"", ""percent"": ""0,88 %""}]","[{""device"": ""Смартфоны"", ""percent"": ""50,4 %""}, {""device"": ""Кросс-девайс"", ""percent"": ""44,8 %""}, {""device"": ""ПК"", ""percent"": ""4,5 %""}, {""device"": ""Планшеты"", ""percent"": ""0,35 %""}]","[{""label"": ""Красота и здоровье"", ""affinity"": ""165 %""}, {""label"": ""Туризм"", ""affinity"": ""147 %""}, {""label"": ""Финансы"", ""affinity"": ""144 %""}, {""label"": ""IT"", ""affinity"": ""144 %""}, {""label"": ""Семья и дети"", ""affinity"": ""133 %""}, {""label"": ""Кулинария"", ""affinity"": ""133 %""}, {""label"": ""Спорт"", ""affinity"": ""133 %""}, {""label"": ""Домашние животные"", ""affinity"": ""127 %""}, {""label"": ""Недвижимость"", ""affinity"": ""126 %""}, {""label"": ""Авто"", ""affinity"": ""119 %""}, {""label"": ""Путешествуют по миру"", ""affinity"": ""173 %""}, {""label"": ""Автомобилисты"", ""affinity"": ""157 %""}, {""label"": ""Занимаются спортом"", ""affinity"": ""155 %""}, {""label"": ""Путешествуют по стране"", ""affinity"": ""154 %""}, {""label"": ""Есть дети"", ""affinity"": ""129 %""}, {""label"": ""Студенты"", ""affinity"": ""126 %""}, {""label"": ""Следят за модой"", ""affinity"": ""125 %""}, {""label"": ""Домохозяйки"", ""affinity"": ""100 %""}, {""label"": ""Покупают в интернете"", ""affinity"": ""100 %""}, {""label"": ""Геймеры"", ""affinity"": ""82 %""}]"
46698553,"[{""city"": ""Казань"", ""percent"": ""55,6 %""}, {""city"": ""Набережные Челны"", ""percent"": ""9,95 %""}, {""city"": ""Москва"", ""percent"": ""4,23 %""}, {""city"": ""Нижний Новгород"", ""percent"": ""3,4 %""}, {""city"": ""Самара"", ""percent"": ""2,93 %""}, {""city"": ""Уфа"", ""percent"": ""2,26 %""}, {""city"": ""Санкт-Петербург"", ""percent"": ""1,27 %""}, {""city"": ""Альметьевск"", ""percent"": ""1,23 %""}, {""city"": ""Екатеринбург"", ""percent"": ""1,02 %""}, {""city"": ""Елабуга"", ""percent"": ""0,97 %""}]","[{""device"": ""Смартфоны"", ""percent"": ""50,1 %""}, {""device"": ""Кросс-девайс"", ""percent"": ""44,8 %""}, {""device"": ""ПК"", ""percent"": ""4,67 %""}, {""device"": ""Планшеты"", ""percent"": ""0,38 %""}]","[{""label"": ""Красота и здоровье"", ""affinity"": ""162 %""}, {""label"": ""Туризм"", ""affinity"": ""146 %""}, {""label"": ""Финансы"", ""affinity"": ""142 %""}, {""label"": ""IT"", ""affinity"": ""141 %""}, {""label"": ""Семья и дети"", ""affinity"": ""132 %""}, {""label"": ""Кулинария"", ""affinity"": ""132 %""}, {""label"": ""Спорт"", ""affinity"": ""131 %""}, {""label"": ""Домашние животные"", ""affinity"": ""126 %""}, {""label"": ""Недвижимость"", ""affinity"": ""122 %""}, {""label"": ""Авто"", ""affinity"": ""118 %""}, {""label"": ""Путешествуют по миру"", ""affinity"": ""177 %""}, {""label"": ""Занимаются спортом"", ""affinity"": ""157 %""}, {""label"": ""Путешествуют по стране"", ""affinity"": ""151 %""}, {""label"": ""Автомобилисты"", ""affinity"": ""142 %""}, {""label"": ""Студенты"", ""affinity"": ""137 %""}, {""label"": ""Следят за модой"", ""affinity"": ""128 %""}, {""label"": ""Есть дети"", ""affinity"": ""126 %""}, {""label"": ""Домохозяйки"", ""affinity"": ""100 %""}, {""label"": ""Покупают в интернете"", ""affinity"": ""100 %""}, {""label"": ""Геймеры"", ""affinity"": ""82 %""}]"
46698551,"[{""city"": ""Казань"", ""percent"": ""55,8 %""}, {""city"": ""Набережные Челны"", ""percent"": ""9,97 %""}, {""city"": ""Москва"", ""percent"": ""4,15 %""}, {""city"": ""Нижний Новгород"", ""percent"": ""3,37 %""}, {""city"": ""Самара"", ""percent"": ""2,99 %""}, {""city"": ""Уфа"", ""percent"": ""2,27 %""}, {""city"": ""Альметьевск"", ""percent"": ""1,22 %""}, {""city"": ""Санкт-Петербург"", ""percent"": ""1,16 %""}, {""city"": ""Екатеринбург"", ""percent"": ""0,97 %""}, {""city"": ""Елабуга"", ""percent"": ""0,95 %""}]","[{""device"": ""Смартфоны"", ""percent"": ""50,5 %""}, {""device"": ""Кросс-девайс"", ""percent"": ""44,6 %""}, {""device"": ""ПК"", ""percent"": ""4,56 %""}, {""device"": ""Планшеты"", ""percent"": ""0,38 %""}]","[{""label"": ""Красота и здоровье"", ""affinity"": ""160 %""}, {""label"": ""Туризм"", ""affinity"": ""144 %""}, {""label"": ""IT"", ""affinity"": ""141 %""}, {""label"": ""Финансы"", ""affinity"": ""140 %""}, {""label"": ""Семья и дети"", ""affinity"": ""129 %""}, {""label"": ""Кулинария"", ""affinity"": ""129 %""}, {""label"": ""Спорт"", ""affinity"": ""128 %""}, {""label"": ""Домашние животные"", ""affinity"": ""127 %""}, {""label"": ""Недвижимость"", ""affinity"": ""122 %""}, {""label"": ""Авто"", ""affinity"": ""117 %""}, {""label"": ""Путешествуют по миру"", ""affinity"": ""170 %""}, {""label"": ""Путешествуют по стране"", ""affinity"": ""152 %""}, {""label"": ""Занимаются спортом"", ""affinity"": ""145 %""}, {""label"": ""Автомобилисты"", ""affinity"": ""143 %""}, {""label"": ""Следят за модой"", ""affinity"": ""135 %""}, {""label"": ""Есть дети"", ""affinity"": ""128 %""}, {""label"": ""Студенты"", ""affinity"": ""118 %""}, {""label"": ""Домохозяйки"", ""affinity"": ""100 %""}, {""label"": ""Покупают в интернете"", ""affinity"": ""100 %""}, {""label"": ""Геймеры"", ""affinity"": ""82 %""}]"
46698549,"[{""city"": ""Казань"", ""percent"": ""55,8 %""}, {""city"": ""Набережные Челны"", ""percent"": ""10,1 %""}, {""city"": ""Москва"", ""percent"": ""4,21 %""}, {""city"": ""Нижний Новгород"", ""percent"": ""3,42 %""}, {""city"": ""Самара"", ""percent"": ""3,02 %""}, {""city"": ""Уфа"", ""percent"": ""2,16 %""}, {""city"": ""Альметьевск"", ""percent"": ""1,19 %""}, {""city"": ""Санкт-Петербург"", ""percent"": ""1,14 %""}, {""city"": ""Екатеринбург"", ""percent"": ""1 %""}, {""city"": ""Елабуга"", ""percent"": ""0,98 %""}]","[{""device"": ""Смартфоны"", ""percent"": ""50,7 %""}, {""device"": ""Кросс-девайс"", ""percent"": ""44,3 %""}, {""device"": ""ПК"", ""percent"": ""4,62 %""}, {""device"": ""Планшеты"", ""percent"": ""0,39 %""}]","[{""label"": ""Красота и здоровье"", ""affinity"": ""161 %""}, {""label"": ""Туризм"", ""affinity"": ""147 %""}, {""label"": ""Финансы"", ""affinity"": ""144 %""}, {""label"": ""IT"", ""affinity"": ""139 %""}, {""label"": ""Семья и дети"", ""affinity"": ""132 %""}, {""label"": ""Спорт"", ""affinity"": ""132 %""}, {""label"": ""Кулинария"", ""affinity"": ""130 %""}, {""label"": ""Домашние животные"", ""affinity"": ""126 %""}, {""label"": ""Недвижимость"", ""affinity"": ""125 %""}, {""label"": ""Авто"", ""affinity"": ""121 %""}, {""label"": ""Путешествуют по миру"", ""affinity"": ""175 %""}, {""label"": ""Автомобилисты"", ""affinity"": ""157 %""}, {""label"": ""Путешествуют по стране"", ""affinity"": ""154 %""}, {""label"": ""Занимаются спортом"", ""affinity"": ""154 %""}, {""label"": ""Студенты"", ""affinity"": ""136 %""}, {""label"": ""Следят за модой"", ""affinity"": ""128 %""}, {""label"": ""Есть дети"", ""affinity"": ""128 %""}, {""label"": ""Домохозяйки"", ""affinity"": ""100 %""}, {""label"": ""Покупают в интернете"", ""affinity"": ""100 %""}, {""label"": ""Геймеры"", ""affinity"": ""83 %""}]"
46698542,"[{""city"": ""Казань"", ""percent"": ""56 %""}, {""city"": ""Набережные Челны"", ""percent"": ""9,99 %""}, {""city"": ""Москва"", ""percent"": ""4,35 %""}, {""city"": ""Нижний Новгород"", ""percent"": ""3,48 %""}, {""city"": ""Самара"", ""percent"": ""2,73 %""}, {""city"": ""Уфа"", ""percent"": ""2,13 %""}, {""city"": ""Альметьевск"", ""percent"": ""1,24 %""}, {""city"": ""Санкт-Петербург"", ""percent"": ""1,22 %""}, {""city"": ""Екатеринбург"", ""percent"": ""0,99 %""}, {""city"": ""Елабуга"", ""percent"": ""0,94 %""}]","[{""device"": ""Смартфоны"", ""percent"": ""50 %""}, {""device"": ""Кросс-девайс"", ""percent"": ""45,1 %""}, {""device"": ""ПК"", ""percent"": ""4,5 %""}, {""device"": ""Планшеты"", ""percent"": ""0,38 %""}]","[{""label"": ""Красота и здоровье"", ""affinity"": ""158 %""}, {""label"": ""Туризм"", ""affinity"": ""145 %""}, {""label"": ""Финансы"", ""affinity"": ""144 %""}, {""label"": ""IT"", ""affinity"": ""137 %""}, {""label"": ""Спорт"", ""affinity"": ""133 %""}, {""label"": ""Семья и дети"", ""affinity"": ""131 %""}, {""label"": ""Домашние животные"", ""affinity"": ""130 %""}, {""label"": ""Кулинария"", ""affinity"": ""130 %""}, {""label"": ""Недвижимость"", ""affinity"": ""123 %""}, {""label"": ""Авто"", ""affinity"": ""118 %""}, {""label"": ""Путешествуют по миру"", ""affinity"": ""170 %""}, {""label"": ""Занимаются спортом"", ""affinity"": ""157 %""}, {""label"": ""Путешествуют по стране"", ""affinity"": ""152 %""}, {""label"": ""Автомобилисты"", ""affinity"": ""142 %""}, {""label"": ""Студенты"", ""affinity"": ""137 %""}, {""label"": ""Следят за модой"", ""affinity"": ""129 %""}, {""label"": ""Есть дети"", ""affinity"": ""129 %""}, {""label"": ""Домохозяйки"", ""affinity"": ""100 %""}, {""label"": ""Покупают в интернете"", ""affinity"": ""100 %""}, {""label"": ""Геймеры"", ""affinity"": ""79 %""}]"
46698528,"[{""city"": ""Казань"", ""percent"": ""54,1 %""}, {""city"": ""Набережные Челны"", ""percent"": ""12 %""}, {""city"": ""Москва"", ""percent"": ""4,22 %""}, {""city"": ""Нижний Новгород"", ""percent"": ""3,24 %""}, {""city"": ""Самара"", ""percent"": ""2,85 %""}, {""city"": ""Уфа"", ""percent"": ""2,32 %""}, {""city"": ""Санкт-Петербург"", ""percent"": ""1,16 %""}, {""city"": ""Альметьевск"", ""percent"": ""1,12 %""}, {""city"": ""Екатеринбург"", ""percent"": ""0,93 %""}, {""city"": ""Елабуга"", ""percent"": ""0,92 %""}]","[{""device"": ""Смартфоны"", ""percent"": ""50,3 %""}, {""device"": ""Кросс-девайс"", ""percent"": ""44,7 %""}, {""device"": ""ПК"", ""percent"": ""4,62 %""}, {""device"": ""Планшеты"", ""percent"": ""0,36 %""}]","[{""label"": ""Красота и здоровье"", ""affinity"": ""159 %""}, {""label"": ""Туризм"", ""affinity"": ""147 %""}, {""label"": ""Финансы"", ""affinity"": ""145 %""}, {""label"": ""IT"", ""affinity"": ""136 %""}, {""label"": ""Семья и дети"", ""affinity"": ""132 %""}, {""label"": ""Спорт"", ""affinity"": ""132 %""}, {""label"": ""Кулинария"", ""affinity"": ""131 %""}, {""label"": ""Домашние животные"", ""affinity"": ""125 %""}, {""label"": ""Недвижимость"", ""affinity"": ""124 %""}, {""label"": ""Авто"", ""affinity"": ""119 %""}, {""label"": ""Путешествуют по миру"", ""affinity"": ""175 %""}, {""label"": ""Путешествуют по стране"", ""affinity"": ""154 %""}, {""label"": ""Занимаются спортом"", ""affinity"": ""154 %""}, {""label"": ""Автомобилисты"", ""affinity"": ""142 %""}, {""label"": ""Следят за модой"", ""affinity"": ""130 %""}, {""label"": ""Студенты"", ""affinity"": ""130 %""}, {""label"": ""Есть дети"", ""affinity"": ""127 %""}, {""label"": ""Домохозяйки"", ""affinity"": ""100 %""}, {""label"": ""Покупают в интернете"", ""affinity"": ""100 %""}, {""label"": ""Геймеры"", ""affinity"": ""82 %""}]"
46698524,"[{""city"": ""Казань"", ""percent"": ""53,9 %""}, {""city"": ""Набережные Челны"", ""percent"": ""11,9 %""}, {""city"": ""Москва"", ""percent"": ""4,24 %""}, {""city"": ""Нижний Новгород"", ""percent"": ""3,34 %""}, {""city"": ""Самара"", ""percent"": ""2,88 %""}, {""city"": ""Уфа"", ""percent"": ""2,32 %""}, {""city"": ""Санкт-Петербург"", ""percent"": ""1,2 %""}, {""city"": ""Альметьевск"", ""percent"": ""1,15 %""}, {""city"": ""Екатеринбург"", ""percent"": ""0,96 %""}, {""city"": ""Елабуга"", ""percent"": ""0,92 %""}]","[{""device"": ""Смартфоны"", ""percent"": ""50,5 %""}, {""device"": ""Кросс-девайс"", ""percent"": ""44,4 %""}, {""device"": ""ПК"", ""percent"": ""4,73 %""}, {""device"": ""Планшеты"", ""percent"": ""0,32 %""}]","[{""label"": ""Красота и здоровье"", ""affinity"": ""159 %""}, {""label"": ""Туризм"", ""affinity"": ""144 %""}, {""label"": ""Финансы"", ""affinity"": ""140 %""}, {""label"": ""IT"", ""affinity"": ""136 %""}, {""label"": ""Семья и дети"", ""affinity"": ""129 %""}, {""label"": ""Спорт"", ""affinity"": ""129 %""}, {""label"": ""Кулинария"", ""affinity"": ""127 %""}, {""label"": ""Недвижимость"", ""affinity"": ""124 %""}, {""label"": ""Домашние животные"", ""affinity"": ""122 %""}, {""label"": ""Авто"", ""affinity"": ""117 %""}, {""label"": ""Путешествуют по миру"", ""affinity"": ""169 %""}, {""label"": ""Автомобилисты"", ""affinity"": ""155 %""}, {""label"": ""Путешествуют по стране"", ""affinity"": ""150 %""}, {""label"": ""Занимаются спортом"", ""affinity"": ""146 %""}, {""label"": ""Студенты"", ""affinity"": ""132 %""}, {""label"": ""Следят за модой"", ""affinity"": ""129 %""}, {""label"": ""Есть дети"", ""affinity"": ""129 %""}, {""label"": ""Домохозяйки"", ""affinity"": ""100 %""}, {""label"": ""Покупают в интернете"", ""affinity"": ""100 %""}, {""label"": ""Геймеры"", ""affinity"": ""83 %""}]"
46698507,"[{""city"": ""Казань"", ""percent"": ""53,8 %""}, {""city"": ""Набережные Челны"", ""percent"": ""12,3 %""}, {""city"": ""Москва"", ""percent"": ""4,18 %""}, {""city"": ""Нижний Новгород"", ""percent"": ""3,29 %""}, {""city"": ""Самара"", ""percent"": ""2,95 %""}, {""city"": ""Уфа"", ""percent"": ""2,34 %""}, {""city"": ""Санкт-Петербург"", ""percent"": ""1,23 %""}, {""city"": ""Альметьевск"", ""percent"": ""1,15 %""}, {""city"": ""Екатеринбург"", ""percent"": ""0,99 %""}, {""city"": ""Елабуга"", ""percent"": ""0,98 %""}]","[{""device"": ""Смартфоны"", ""percent"": ""50,1 %""}, {""device"": ""Кросс-девайс"", ""percent"": ""44,8 %""}, {""device"": ""ПК"", ""percent"": ""4,7 %""}, {""device"": ""Планшеты"", ""percent"": ""0,39 %""}]","[{""label"": ""Красота и здоровье"", ""affinity"": ""160 %""}, {""label"": ""Туризм"", ""affinity"": ""146 %""}, {""label"": ""Финансы"", ""affinity"": ""144 %""}, {""label"": ""IT"", ""affinity"": ""138 %""}, {""label"": ""Семья и дети"", ""affinity"": ""133 %""}, {""label"": ""Спорт"", ""affinity"": ""133 %""}, {""label"": ""Кулинария"", ""affinity"": ""131 %""}, {""label"": ""Домашние животные"", ""affinity"": ""126 %""}, {""label"": ""Недвижимость"", ""affinity"": ""124 %""}, {""label"": ""Авто"", ""affinity"": ""120 %""}, {""label"": ""Путешествуют по миру"", ""affinity"": ""169 %""}, {""label"": ""Занимаются спортом"", ""affinity"": ""156 %""}, {""label"": ""Путешествуют по стране"", ""affinity"": ""152 %""}, {""label"": ""Автомобилисты"", ""affinity"": ""141 %""}, {""label"": ""Следят за модой"", ""affinity"": ""130 %""}, {""label"": ""Есть дети"", ""affinity"": ""130 %""}, {""label"": ""Студенты"", ""affinity"": ""115 %""}, {""label"": ""Домохозяйки"", ""affinity"": ""100 %""}, {""label"": ""Покупают в интернете"", ""affinity"": ""100 %""}, {""label"": ""Геймеры"", ""affinity"": ""83 %""}]"
46698492,"[{""city"": ""Казань"", ""percent"": ""53,6 %""}, {""city"": ""Набережные Челны"", ""percent"": ""12,3 %""}, {""city"": ""Москва"", ""percent"": ""4,26 %""}, {""city"": ""Нижний Новгород"", ""percent"": ""3,21 %""}, {""city"": ""Самара"", ""percent"": ""2,89 %""}, {""city"": ""Уфа"", ""percent"": ""2,33 %""}, {""city"": ""Санкт-Петербург"", ""percent"": ""1,27 %""}, {""city"": ""Альметьевск"", ""percent"": ""1,25 %""}, {""city"": ""Екатеринбург"", ""percent"": ""0,93 %""}, {""city"": ""Елабуга"", ""percent"": ""0,88 %""}]","[{""device"": ""Смартфоны"", ""percent"": ""50,6 %""}, {""device"": ""Кросс-девайс"", ""percent"": ""44,4 %""}, {""device"": ""ПК"", ""percent"": ""4,66 %""}, {""device"": ""Планшеты"", ""percent"": ""0,36 %""}]","[{""label"": ""Красота и здоровье"", ""affinity"": ""159 %""}, {""label"": ""Туризм"", ""affinity"": ""145 %""}, {""label"": ""Финансы"", ""affinity"": ""141 %""}, {""label"": ""IT"", ""affinity"": ""135 %""}, {""label"": ""Семья и дети"", ""affinity"": ""132 %""}, {""label"": ""Спорт"", ""affinity"": ""132 %""}, {""label"": ""Кулинария"", ""affinity"": ""130 %""}, {""label"": ""Домашние животные"", ""affinity"": ""127 %""}, {""label"": ""Недвижимость"", ""affinity"": ""123 %""}, {""label"": ""Авто"", ""affinity"": ""117 %""}, {""label"": ""Путешествуют по миру"", ""affinity"": ""174 %""}, {""label"": ""Путешествуют по стране"", ""affinity"": ""152 %""}, {""label"": ""Занимаются спортом"", ""affinity"": ""149 %""}, {""label"": ""Автомобилисты"", ""affinity"": ""141 %""}, {""label"": ""Студенты"", ""affinity"": ""133 %""}, {""label"": ""Следят за модой"", ""affinity"": ""132 %""}, {""label"": ""Есть дети"", ""affinity"": ""130 %""}, {""label"": ""Домохозяйки"", ""affinity"": ""100 %""}, {""label"": ""Покупают в интернете"", ""affinity"": ""100 %""}, {""label"": ""Геймеры"", ""affinity"": ""81 %""}]"
